m,delta
20,0.12316547231002288
21,0.119782027068045
22,0.11628939173864629
23,0.11202817060690395
24,0.10808103461408633
25,0.1047169304918246
26,0.10230067501792062
27,0.10032395983740915
28,0.09846151186989689
29,0.09650215310792896
30,0.09383535707341976
31,0.09031059756217306
32,0.0861752685086968
33,0.08179142158060652
34,0.07723319626653577
35,0.0728004276049847
36,0.06903169379340829
37,0.06623699671273224
38,0.06433539926958326
39,0.06309154451741318
40,0.06234122721700853
41,0.06193384217602438
42,0.06170055426083475
43,0.06179423440408373
44,0.06237675529914245
45,0.06347554168966707
46,0.06467701629781338
47,0.0658204874511381
48,0.06616853298285609
49,0.06352655465599934
50,0.057541325592057706
51,0.05119723142170218
52,0.04779847108482044
53,0.046678125935181385
54,0.045968159200415595
55,0.047791502782838155
56,0.04967238812163527
57,0.05356069042057268
58,0.06658363233359817
59,0.0687052022022963
60,0.0681601187942567
61,0.07546737660161199
62,0.08332039672959833
63,0.09032296060741148
64,0.08875328335648777
65,0.08461675069593555
66,0.08121312987674642
67,0.07836488110734952
68,0.07553651960815515
69,0.07268220346110399
70,0.0701366763970588
71,0.06825279605768696
72,0.06733720712724477
73,0.06770376563716665
74,0.06874655451956119
75,0.06905993059078991
76,0.06795638764415696
77,0.06552687282068739
78,0.062196225163662494
79,0.05850708278184535
80,0.05490112730686064
81,0.051612481403917276
82,0.048717458831770984
83,0.04618833184768595
84,0.043943738030660026
85,0.04189808122652471
86,0.03998696016287545
87,0.03820618828629959
88,0.03660490906596418
89,0.03521144120405117
90,0.034006310807206924
91,0.03294939063785263
92,0.032001794021360996
93,0.03113172006018334
94,0.0303136349729058
95,0.029526135196349012
96,0.028754382052976032
97,0.027997873596091415
98,0.027272237319144396
99,0.02659910017111028
100,0.025994770215469077
101,0.025465161961684645
102,0.0250040052643309
103,0.024592961227644636
104,0.024207463890027214
105,0.023830540836741014
106,0.023460722550656714
107,0.02310797169705298
108,0.02278510554444139
109,0.022503445817084418
110,0.02226970092847499
111,0.022084215860577322
112,0.021941672278779006
113,0.02183438080734004
114,0.021754588191274606
115,0.021695483608045605
116,0.021650354106816483
117,0.021612984845280663
118,0.02157855041991169
119,0.02154315703524934
120,0.021504419624677234
121,0.02146285837611341
122,0.021421489971448368
123,0.021384169950769052
124,0.021353903056368192
125,0.021333258341254362
126,0.02132368348245025
127,0.02132442167310189
128,0.02133173383023057
129,0.02133969669245226
130,0.02134362809643753
131,0.021341788028504987
132,0.021335342291023886
133,0.02132696206498972
134,0.02131925086819595
135,0.021315163583520758
136,0.021317587594316855
137,0.021328419976310572
138,0.021346751234979557
139,0.021369066194218772
140,0.02139053172054503
141,0.02140746138498997
142,0.02141847173707544
143,0.0214246258247532
144,0.0214275028469968
145,0.021428624214890574
146,0.021428864701734232
147,0.02142864663000834
148,0.02142808568748691
149,0.021427169839836675
150,0.021425994519394243
151,0.02142490041021571
152,0.02142407116650097
153,0.02142354469462746
154,0.02142342732266902
155,0.021423548530693188
156,0.021423823670268377
157,0.021424329732588173
158,0.021424732309085273
159,0.02142514394562254
160,0.0214254638341362
161,0.021425569430895616
162,0.021425502452416253
163,0.02142535588116502
164,0.021425148159182988
165,0.021424908196097256
166,0.021424683444238084
167,0.02142455781187514
168,0.021424492722846022
169,0.021424433907080973
170,0.021424408102577695
171,0.02142434160777587
172,0.021424396810833576
173,0.02142438016080199
174,0.021424407490469977
175,0.021424376246700044
176,0.02142436447679676
177,0.021424318471225594
178,0.02142436304681522
179,0.021424384619013897
180,0.02142439999231647
181,0.021424345331889288
182,0.021424368270803712
183,0.021424392840161715
184,0.0214243459364837
185,0.021424336510143593
186,0.02142438575817456
187,0.02142438949528512
188,0.021424275156836817
189,0.02142432019746286
190,0.021424325683412276
191,0.021424335026917495
192,0.021424305210391938
193,0.021424355607294165
194,0.021424353047712154
195,0.02142432425388162
196,0.021424392397998697
197,0.021424378831375636
198,0.021424393016438264
199,0.021424372616167493
200,0.021424393884704077
201,0.02142440117675602
202,0.02142435070550942
203,0.021424373961705136
204,0.0214243098514294
205,0.02142432862567467
206,0.021424348739244644
207,0.021424380813200184
208,0.021424379399871137
209,0.02142439651277459
210,0.02142425247756773
211,0.02142436013838914
212,0.021424357488706948
213,0.02142434357760021
214,0.021424379874180235
215,0.021424359649542785
216,0.021424348586010736
217,0.02142437738655456
218,0.021424349033832345
219,0.02142442295240193
220,0.02142436252807179
221,0.021424331856518816
222,0.0214243280836408
223,0.021424338093938834
224,0.021424364132588605
225,0.02142436280878348
226,0.021424344722802614
227,0.021424378481260237
228,0.021424367860951584
229,0.021424365935983052
230,0.021424411443146982
231,0.02142438447466009
232,0.021424370960411165
233,0.02142439427986233
234,0.021424359443997804
235,0.021424394758786824
236,0.021424380696144458
237,0.02142436074470279
238,0.021424360084672
239,0.021424327244903875
240,0.021424311008695372
241,0.021424342196824396
242,0.021424359953975097
243,0.021424329658009823
244,0.021424298418574805
245,0.02142432230069653
246,0.021424349688779598
247,0.02142428850086316
248,0.021424442139804923
249,0.021424408781057554
250,0.02142437610225146
251,0.021424352788447527
252,0.021424339828311705
253,0.021424330946897368
254,0.021424332117213094
255,0.02142433304186406
256,0.02142431247769756
257,0.021424364923134338
258,0.02142429796835826
259,0.0214243759671779
260,0.021424309019219146
261,0.02142431947286151
262,0.021424367905812664
263,0.021424327131172902
264,0.02142434950342421
265,0.02142434675084564
266,0.021424349248364758
267,0.021424363383423926
268,0.021424348210741923
269,0.021424384985528688
270,0.02142434822975009
271,0.02142430268081168
272,0.021424323989777005
273,0.02142436425139898
274,0.021424304338812056
275,0.02142433990950592
276,0.0214243167925978
277,0.02142431151623097
278,0.021424366032690167
279,0.0214243508839829
280,0.021424345672951327
281,0.021424333839774105
282,0.021424374752288422
283,0.021424351989332607
284,0.021424320313712684
285,0.021424348679373983
286,0.021424346667144597
287,0.02142430271945741
288,0.021424323934065126
289,0.021424385198478453
290,0.02142434046177082
291,0.02142438518698387
292,0.021424338390096907
293,0.021424369719873305
294,0.02142434843472103
295,0.02142440798785252
296,0.021424396077921397
297,0.021424375550521294
298,0.021424379212725022
299,0.021424355619807676
300,0.02142437019777861
301,0.02142435594693981
302,0.02142436411077114
303,0.021424372196962194
304,0.021424365019167044
305,0.02142429312508225
306,0.02142434658839754
307,0.021424392516970658
308,0.021424312020262716
309,0.02142433607598571
310,0.021424357647018666
311,0.021424339714184424
312,0.021424344507154584
313,0.021424353258982013
314,0.021424419087678594
315,0.021424356948524084
316,0.02142436404231886
317,0.021424348259534907
318,0.02142436971635068
319,0.02142432771209243
320,0.021424302240645666
321,0.02142437430847398
322,0.02142433273392519
323,0.021424332114366798
324,0.02142434730835524
325,0.02142437967057464
326,0.021424358773965986
327,0.021424349706321087
328,0.021424326078310928
329,0.021424375453045767
330,0.0214244072389665
331,0.021424341023421917
332,0.021424343267188416
333,0.021424339868293243
334,0.02142435946024513
335,0.021424311631702168
336,0.021424320155915718
337,0.021424416674849858
338,0.0214243133455551
339,0.02142431951310981
340,0.021424363522832772
341,0.02142438311126031
342,0.02142435551414305
343,0.02142434831423748
344,0.021424325957054843
345,0.021424374448163287
346,0.021424409740904996
347,0.02142434358319821
348,0.021424341971532392
349,0.021424339700904894
350,0.021424361335326533
351,0.021424311493335218
352,0.021424320155915718
353,0.021424416677980004
354,0.0214243133455551
355,0.021424319514488706
356,0.021424363522832772
357,0.021424383110571394
358,0.02142435551414305
359,0.0214243483126629
360,0.021424325957054843
361,0.021424374448163287
362,0.021424409740904996
363,0.021424343582824728
364,0.021424341971532392
365,0.021424339704821615
366,0.021424361335326533
367,0.021424311488654802
368,0.021424320155915718
369,0.021424416677413332
370,0.0214243133455551
371,0.021424319512216117
372,0.021424363522832772
373,0.021424383109352744
374,0.02142435551414305
375,0.02142434831320915
376,0.021424325957054843
377,0.021424374445197156
378,0.021424409740904996
379,0.02142434357832779
380,0.021424341971532392
381,0.02142433970528183
382,0.021424361335326533
383,0.02142431149151316
384,0.021424320155915718
385,0.02142441667633116
386,0.0214243133455551
387,0.02142431951698115
388,0.021424363522832772
389,0.021424383110571394
390,0.02142435551414305
391,0.02142434831320915
392,0.021424325957054843
393,0.021424374448581956
394,0.021424409740904996
395,0.02142434358432366
396,0.021424341971532392
397,0.0214243397034451
398,0.021424361335326533
399,0.021424311490997806
400,0.021424320155915718
401,0.02142438746029966
402,0.021424323088614264
403,0.02142437076149478
404,0.02142435516122559
405,0.02142433593031651
406,0.021424317283440603
407,0.02142433556022764
408,0.021424344681602314
409,0.021424336569248324
410,0.021424286630278518
411,0.021424398331235415
412,0.021424337727095462
413,0.021424388062545707
414,0.021424360097483264
415,0.021424366951461153
416,0.021424353161443567
417,0.021424373639009127
418,0.02142438617944858
419,0.021424346181326596
420,0.021424362049955285
421,0.02142436360989713
422,0.021424349204116372
423,0.021424335945459932
424,0.021424331670552854
425,0.02142443187563482
426,0.02142436458565133
427,0.021424317108556832
428,0.02142435002551256
429,0.02142431007046874
430,0.021424361299792343
431,0.02142432329811216
432,0.021424389694368558
433,0.0214243562816721
434,0.021424365067996356
435,0.021424355218307038
436,0.0214243519900577
437,0.021424383319824686
438,0.021424373058815
439,0.02142435354987319
440,0.021424365380017348
441,0.021424373440455467
442,0.02142436607837218
443,0.02142432417855308
444,0.02142433134693787
445,0.021424341943059342
446,0.021424401905446165
447,0.021424349762026982
448,0.02142437904938415
449,0.0214243458517093
450,0.021424353382654703
451,0.02142437300262241
452,0.021424411772375165
453,0.021424375138277718
454,0.021424382190730153
455,0.02142436137991449
456,0.02142433693385417
457,0.021424317896073464
458,0.021424366176053235
459,0.021424334114556565
460,0.02142432534364578
461,0.0214243207480306
462,0.02142430080220737
463,0.02142436272556068
464,0.021424379157818568
465,0.02142435877677221
466,0.02142442444228662
467,0.021424375878104272
468,0.021424338446008415
469,0.021424421476556304
470,0.021424350949427053
471,0.021424366759188636
472,0.02142435662079666
473,0.021424336590495502
474,0.021424320194828872
475,0.021424377311172665
476,0.02142432410173997
477,0.021424400306431446
478,0.021424338542900576
479,0.021424408283208386
480,0.021424322632171325
481,0.02142439142071458
482,0.02142438213483186
483,0.021424373681048547
484,0.021424432536316595
485,0.021424358803443014
486,0.02142432892035743
487,0.021424347848766248
488,0.021424374752086094
489,0.021424351826178273
490,0.021424338966785153
491,0.021424363196526044
492,0.02142434969558103
493,0.021424293111155006
494,0.02142432108805808
495,0.02142438426464376
496,0.021424378182902673
497,0.02142440817459788
498,0.021424403499119317
499,0.021424353742962168
